file,hole,date_time_local,latitude,longitude,terrain_x_m,image_y_m,width_px,height_px,sha256
hole-1-on-the-green.jpg,1,2026:09:27 10:31:53,46.42660220,-81.03173140,352.9,789.2,4000,3000,dcfeb7bc70a0ccc8067927a4c9e3638dcf8b57ab71326b4136e5cea0cd9a12e4
hole-1_facing-flag-again.jpg,1,2026:09:27 10:26:12,46.42740350,-81.02986550,496.3,700.2,4000,3000,33d1cb474ee791bbc6a2e4d8e818c624acb65f3ca67b22df6b4472a68ed0eea6
hole-1_from-fairway-facing-flag.jpg,1,2026:09:27 10:26:05,46.42740350,-81.02986550,496.3,700.2,4000,3000,1fce3b2c9f759f02359821b2991effe6ebf3d8a0c027188efadc1f8ee576a221
hole-1_halfway-down-fairway-facing-rocks-on-side-of-fairway.jpg,1,2026:09:27 10:26:03,46.42740350,-81.02986550,496.3,700.2,4000,3000,2ee353cf54a15ff164b5fbd859b562121973fe6eaa085475f3b4517bf58af7e9
hole-1_halfway-down-fairway-facing-tee-blocks.jpg,1,2026:09:27 10:22:25,46.42754240,-81.02868910,586.7,684.8,4000,3000,21227fa5f81f655c71acd85125dbda30f3c46e94167db8edce2d6b1f6e88d2df
hole-1_halfway-down-fairway-facing-towards-pin.jpg,1,2026:09:27 10:22:23,46.42753760,-81.02869770,586.0,685.3,4000,3000,17167987af7b3dd50621bb322def433237feba212da68d54983a2c8eeea0aad9
hole-1_on-the-green.jpg,1,2026:09:27 10:31:52,46.42665410,-81.03162230,361.3,783.4,4000,3000,b14cf90593710325a4713dad8c0f4db9c7e4f9085ace704e132cad35c3c7b5c9
hole-1_sign.jpg,1,2026:09:27 10:14:21,46.42736420,-81.02653940,751.8,704.7,4000,3000,d1dddc6993a7076fae56f6a1e772b4c61bf936e1b0ad0c22c484bfa121e9fbc5
hole-1_Tee-blocks-facing-down-fairway.jpg,1,2026:09:27 10:14:13,46.42736600,-81.02649610,755.2,704.5,4000,3000,bd17d305b0917496623216bb928d6fe1cdc0641ca76fb82d7f6d59cca22ffb80
hole-1_yellow-tees.jpg,1,2026:09:27 10:18:37,46.42763320,-81.02720970,700.3,674.8,4000,3000,18230434fe44ffa16e495eb5cbd347979de3bdf7850dc79dcb466126bee1c851
hole-2_mens-tee-faicing-fairway.jpg,2,2026:09:27 10:34:29,46.42684060,-81.03004640,482.3,762.7,4000,3000,51e66df620160ae02b5e1b3ba059927a283504a5bfe6232a3b74837cdf0c3cf6
hole-2_on-the-green-again.jpg,2,2026:09:27 10:46:09,46.42611720,-81.02635980,765.6,843.2,4000,3000,95821863e4e7ce5a54e8c0385e07341732d3244dca886cece396d978df9a7df7
hole-2_on-the-green-another-time.jpg,2,2026:09:27 10:46:15,46.42619620,-81.02628840,771.1,834.5,4000,3000,9171e79ba42aeae93f2e67542133dc53d21b63a55286d18cc87e7626ddbb34b2
hole-2_on-the-green.jpg,2,2026:09:27 10:46:07,46.42609680,-81.02647150,757.0,845.5,4000,3000,d34466b1213736c2f01fbc5b7797e35c22c7af56f8ea4d678d0cd07590c58413
hole-2_sign.jpg,2,2026:09:27 10:34:27,46.42684060,-81.03004640,482.3,762.7,3000,4000,4e134092dbcf322b321175ea0f1319e09092c8f7f0558caa534944e4e8ae6040
hole-2_yellow-tee-facing-fairway.jpg,2,2026:09:27 10:37:48,46.42672360,-81.02958610,517.7,775.8,4000,3000,38a1d1aab35dd0b9abfe98727fa2f077c5ba25b4dfc0b9d7c93bbd24a9720e58
hole-3_freom-tee-facing-fairway.jpg,3,2026:09:27 10:48:24,46.42601740,-81.02649060,755.5,854.3,4000,3000,946bf90b7e46b59882c65f3a9e4590a27a560fb3a52ffbf5f74d6f34d03b13e0
hole-3_sign.jpg,3,2026:09:27 10:48:19,46.42601740,-81.02649060,755.5,854.3,4000,3000,a77c342308475b1084fd53630b4cec7f8543be4ed0a5bf71bdd160405f091708
hole-3_yellow-tee-blocks-facing-fairway.jpg,3,2026:09:27 10:50:35,46.42611010,-81.02691340,723.0,844.0,4000,3000,ff89f75b0f2fae2da83c02ef38da956b9787231f8c3ce5c8ae75bd224b3e58ca
hole-4_from-green-facing-back-at-fairway.jpg,4,2026:09:27 11:12:10,46.42582660,-81.02639460,762.9,875.5,4000,3000,7b5be69818707f743bef64f4ee22035b2bdff22370573aa9fa2e7609b2b99acc
hole-4_putting-green.jpg,4,2026:09:27 11:12:08,46.42583230,-81.02639660,762.7,874.9,4000,3000,84e80572791c689401890a7370d4e8ed0f4e372f504ac45d4210490d5e409871
hole-5_facing-towards-putting-green.jpg,5,2026:09:27 11:12:56,46.42599410,-81.02619540,778.2,856.9,4000,3000,11735184bef923f7342b636f92355ee79791a690a058e2ebfa546fa55f647db9
hole-5_from-green-facing-towards-blocks.jpg,5,2026:09:27 11:21:37,46.42530960,-81.02460070,900.7,933.0,4000,3000,ed2925aa8ff7c990c54d613b722b5afbb3b3bbcc2340e83586407d95ec62c2dc
hole-5_putting-green.jpg,5,2026:09:27 11:21:36,46.42530960,-81.02460070,900.7,933.0,4000,3000,ac3aed77df5b6e0d8f65beecf65096fc3f31e1e7a7f9a990c6a596604b222488
hole-5_sign.jpg,5,2026:09:27 11:12:45,46.42599410,-81.02619540,778.2,856.9,4000,3000,b4635316ab99baf0ec11318afde843d75e99198bfd93ddd8570305295f3f33f5
hole-5_yellow-tees-facing-green.jpg,5,2026:09:27 11:12:49,46.42599410,-81.02619540,778.2,856.9,4000,3000,4262642746d896437c47181752505d662ffba31dc9ec78ce8af1e77f128c83da
hole-6_scenary.jpg,6,2026:09:27 11:28:20,46.42481510,-81.02427190,926.0,988.0,4000,3000,73e55f33bf789cf829606229c8b7b96f01d8c0a0d412a93e9993be82c6b4fd43
hole-6_sign.jpg,6,2026:09:27 11:26:22,46.42513800,-81.02414020,936.1,952.1,4000,3000,742edf898a3dfbcdcb754cd78183717a1909e69c69dc5eddd7541baa480d2162
hole-6_tee-block-facing-putting-green.jpg,6,2026:09:27 11:26:24,46.42513390,-81.02414000,936.1,952.5,4000,3000,4c2ac1b725ef4e37d101cef56f3b0ee272dec99ae71e371baef23e5fdec4c5af
hole-7-again.jpg,7,2026:09:27 11:35:47,46.42393080,-81.02679550,732.0,1086.2,4000,3000,1743a5f450c97a33c285128c07a9fdd2b9ea05ee51005675cdee64ad093813dc
hole-7-facing-towards-tees-again.jpg,7,2026:09:27 11:49:35,46.42388890,-81.02421110,930.6,1090.9,4000,3000,351cfdd5f77906a5265e2c6118ba7c70b1c9f3d40867db0ee98eb5509751bbf4
hole-7_at-dogleg-facing-putting-green.jpg,7,2026:09:27 11:49:23,46.42392410,-81.02420010,931.4,1087.0,4000,3000,02a140b251cad4af6fb30ced365e4784fdc02b2cc8a9654d987fbb42ea992c08
hole-7_facing-towards-tee-blocks.jpg,7,2026:09:27 11:49:26,46.42392900,-81.02420480,931.1,1086.4,4000,3000,7898d1d56f79409cff09a77c74127ae0db91e939944cb9caecddcad392f88de1
hole-7_sign.jpg,7,2026:09:27 11:35:38,46.42393080,-81.02679550,732.0,1086.2,4000,3000,95145b909eccfa753f74cfbacb666ca88a225fdce2bda83784e4bce987b34dc6
hole-7_yellow-tee-facing-fairway.jpg,7,2026:09:27 11:35:40,46.42393080,-81.02679550,732.0,1086.2,4000,3000,fddc3d9f38d83c89dd32a8055467de3cca13e5887c38600ee370eccaaf742e70
hole-7_yellow-tees-facing-fairway.jpg,7,2026:09:27 11:42:12,46.42379180,-81.02589580,801.1,1101.6,4000,3000,43b70950480f4fd3c614ed0cfa4fd44e14334e65acce3c5de889e00f2e4065a6
hole-8-putting-green.jpg,8,2026:09:27 11:56:51,46.42461900,-81.02311370,1014.9,1009.8,4000,3000,e46f6e737ac919086c44ca3fd05e03bc9d571409a58c2b16f40c9e7682e7171c
hole-8_facing-putting green-from-tees.jpg,8,2026:09:27 11:50:58,46.42353630,-81.02306770,1018.4,1130.1,4000,3000,db918df093ae51018d86fe79832cd595a1c87dd44c27ed08b31cf73740f77367
hole-8_green-facing-tee-blocks.jpg,8,2026:09:27 11:56:39,46.42461600,-81.02311020,1015.2,1010.1,4000,3000,6635eef2791d174c0344a29a0206f45a47f1a5e16ccfc3a11fba9db3033862dc
hole-8_sign.jpg,8,2026:09:27 11:50:53,46.42351850,-81.02306870,1018.4,1132.1,3000,4000,fd6546ee252dd142ad68405afd440ee15a48e64573faf4ab9cf937c5999cb601
hole-8_yellow-tee-facing-putting-green.jpg,8,2026:09:27 11:54:48,46.42377330,-81.02337870,994.6,1103.7,4000,3000,2f63bfa1b032bd4a4b5ff60d05bd8d2d34fef5adf9697db625b122973d2cebd1
hole-9_mens-tees-facing-fairway.jpg,9,2026:09:27 11:58:36,46.42515440,-81.02362160,975.9,950.3,4000,3000,e4c33f3d9e8ec5c59260df141b2a10da9413f199c50e18c9aac4ba52ff23c1db
hole-9_putting green facing towards fairway.jpg,9,2026:09:27 12:18:49,46.42770860,-81.02506800,864.9,666.4,3000,4000,bdbc4928bf9f692df17a2b04c0af2053b8b65b6c8d37080d6e14de167bad4bb1
hole-9_putting-green-towards-fairway.jpg,9,2026:09:27 12:18:50,46.42770860,-81.02506800,864.9,666.4,3000,4000,0239e8cb918b1081067e3dedbc5b06612cfcbfd3d0b4615e893d60045406a22b
hole-9_sign.jpg,9,2026:09:27 11:58:29,46.42515440,-81.02362160,975.9,950.3,4000,3000,9c024cc7172a3870b479de0870a5d51e40ee582ed17259d564480707dbcf23b7
